id,org,name,country,lat,lon,gmapurl
usa-usfstpete,[S. Florida MBON](https://marinebon.org/pages/sfmbon/),[South Florida Program](https://www.aoml.noaa.gov/iea/),usa,27.6831,-82.7387,"http://maps.google.com/maps?q=27.6831,-82.7387&ll=27.6831,-82.7387&z=6"
usa-fknms,[S. Florida MBON](https://marinebon.org/pages/sfmbon/),[South Florida Program](https://www.aoml.noaa.gov/iea/),usa,24.5,-81,"http://maps.google.com/maps?q=24.5,-81&ll=24.5,-81&z=6"
usa-mbnms,[CeNCOOS](https://marinebon.org/pages/ccmbon/),[Monterey Bay Time Series](https://www.mbari.org/products/what-is-happening-in-monterey-bay-today/),usa,36.5,-122,"http://maps.google.com/maps?q=36.5,-122&ll=36.5,-122&z=6"
usa-indianriver,[SI - MarineGEO](https://marinegeo.si.edu/),Indian River Lagoon ,usa,27.46,-80.31,"http://maps.google.com/maps?q=27.46,-80.31&ll=27.46,-80.31&z=6"
usa-chesapeakebay,[SI - MarineGEO](https://marinegeo.si.edu/),Chesapeake Bay ,usa,38.9,-76.54,"http://maps.google.com/maps?q=38.9,-76.54&ll=38.9,-76.54&z=6"
blz-carriebowcay,[SI - MarineGEO](https://marinegeo.si.edu/),Carrie Bow Cay ,blz,16.8,-88.08,"http://maps.google.com/maps?q=16.8,-88.08&ll=16.8,-88.08&z=6"
pan-bocasdeltoro,[SI - MarineGEO](https://marinegeo.si.edu/),Bocas del Toro ,pan,9.34,-82.24,"http://maps.google.com/maps?q=9.34,-82.24&ll=9.34,-82.24&z=6"
usa-kaneohebay,[SI - MarineGEO](https://marinegeo.si.edu/),Kaneohe Bay ,usa,21.46,-157.8,"http://maps.google.com/maps?q=21.46,-157.8&ll=21.46,-157.8&z=6"
usa-sfbay,[SI - MarineGEO](https://marinegeo.si.edu/),San Francisco Bay ,usa,37.87,-122.46,"http://maps.google.com/maps?q=37.87,-122.46&ll=37.87,-122.46&z=6"
cri-esmeralda,CIMAR,Esmeralda ,cri,10.5916,-85.6637,"http://maps.google.com/maps?q=10.5916,-85.6637&ll=10.5916,-85.6637&z=6"
cri-sanmiguel,CIMAR,San Miguel ,cri,9.5787,-85.1375,"http://maps.google.com/maps?q=9.5787,-85.1375&ll=9.5787,-85.1375&z=6"
cri-puntamona,CIMAR,Punta Mona ,cri,9.6399,-82.6481,"http://maps.google.com/maps?q=9.6399,-82.6481&ll=9.6399,-82.6481&z=6"
col-islagorgona-laventana,[U. del Valle](https://lithos.correounivalle.edu.co/),Isla Gorgona - La Ventana ,col,2.9341,-78.2017,"http://maps.google.com/maps?q=2.9341,-78.2017&ll=2.9341,-78.2017&z=6"
col-islagorgona-playaverde,[U. del Valle](https://lithos.correounivalle.edu.co/),Isla Gorgona - Playa Verde ,col,2.9472,-78.1979,"http://maps.google.com/maps?q=2.9472,-78.1979&ll=2.9472,-78.1979&z=6"
col-islagorgona-lamancora,[U. del Valle](https://lithos.correounivalle.edu.co/),Isla Gorgona - La Mancora ,col,2.9591,-78.1979,"http://maps.google.com/maps?q=2.9591,-78.1979&ll=2.9591,-78.1979&z=6"
ecu-puntilladestaelena-chocolatera,U. Guayaquil,Puntilla de Sta Elena - Chocolatera ,ecu,-2.1894,-81.0088,"http://maps.google.com/maps?q=-2.1894,-81.0088&ll=-2.1894,-81.0088&z=6"
ecu-puntilladestaelena-laloberia,U. Guayaquil,Puntilla de Sta Elena - La Loberia ,ecu,-2.2042,-80.9961,"http://maps.google.com/maps?q=-2.2042,-80.9961&ll=-2.2042,-80.9961&z=6"
ecu-laratonera-galapagos,[Charles Darwin F.](https://www.darwinfoundation.org/en/),La Ratonera - Galapagos Islands ,ecu,-0.7434,-90.3037,"http://maps.google.com/maps?q=-0.7434,-90.3037&ll=-0.7434,-90.3037&z=6"
ecu-tortugabay-galapagos,[Charles Darwin F.](https://www.darwinfoundation.org/en/),Tortuga Bay - Galapagos Islands ,ecu,-0.7619,-90.3304,"http://maps.google.com/maps?q=-0.7619,-90.3304&ll=-0.7619,-90.3304&z=6"
ecu-angermeyerpoint-galapagos,[Charles Darwin F.](https://www.darwinfoundation.org/en/),Angermeyer Point - Galapagos Islands ,ecu,-0.752,-90.3094,"http://maps.google.com/maps?q=-0.752,-90.3094&ll=-0.752,-90.3094&z=6"
ecu-playaalemanes-galapagos,[Charles Darwin F.](https://www.darwinfoundation.org/en/),Playa Alemanes - Galapagos Island ,ecu,-0.7529,-90.3113,"http://maps.google.com/maps?q=-0.7529,-90.3113&ll=-0.7529,-90.3113&z=6"
ecu-playabrava-galapagos,[Charles Darwin F.](https://www.darwinfoundation.org/en/),Playa Brava - Galapagos Islands ,ecu,-0.7614,-90.335,"http://maps.google.com/maps?q=-0.7614,-90.335&ll=-0.7614,-90.335&z=6"
ecu-playamansa-galapagos,[Charles Darwin F.](https://www.darwinfoundation.org/en/),Playa Mansa - Galapagos Islands ,ecu,-0.7634,-90.3404,"http://maps.google.com/maps?q=-0.7634,-90.3404&ll=-0.7634,-90.3404&z=6"
chl-puntaarenas-bahiamansa,[U. Concepcion](https://www.algalab.com/index2.html),Punta Arenas - Bahpa Mansa ,chl,-53.6125,-70.9284,"http://maps.google.com/maps?q=-53.6125,-70.9284&ll=-53.6125,-70.9284&z=6"
chl-concepcion-cocholguenorte,[U. Concepcion](https://www.algalab.com/index2.html),Concepcion - Cocholgue Norte ,chl,-36.5941,-72.9786,"http://maps.google.com/maps?q=-36.5941,-72.9786&ll=-36.5941,-72.9786&z=6"
chl-concepcion-cocholguesur,[U. Concepcion](https://www.algalab.com/index2.html),Concepcion - Cocholgue Sur ,chl,-36.6091,-72.9805,"http://maps.google.com/maps?q=-36.6091,-72.9805&ll=-36.6091,-72.9805&z=6"
chl-concepcion-dichato-coliumo,[U. Concepcion](https://www.algalab.com/index2.html),Concepcion - Dichato / Coliumo ,chl,-36.5408,-72.9346,"http://maps.google.com/maps?q=-36.5408,-72.9346&ll=-36.5408,-72.9346&z=6"
ata-antarctica-site1,[U. Concepcion](https://www.algalab.com/index2.html),Antarctica - Site 1 ,ata,-62.1989,-58.9494,"http://maps.google.com/maps?q=-62.1989,-58.9494&ll=-62.1989,-58.9494&z=6"
ata-antarctica-site2,[U. Concepcion](https://www.algalab.com/index2.html),Antarctica - Site 2 ,ata,-62.1858,-58.8732,"http://maps.google.com/maps?q=-62.1858,-58.8732&ll=-62.1858,-58.8732&z=6"
chl-bahiadevalparaiso-montemar,[U. Valparaiso](https://cienciasdelmar.uv.cl/index.php),Bahia de Valparariso - Montemar ,chl,-32.9587,-71.5492,"http://maps.google.com/maps?q=-32.9587,-71.5492&ll=-32.9587,-71.5492&z=6"
arg-puertomadryn1,[IBIOMAR/CONICET](https://www.larbim.com.ar/),[Punta Este](http://www.northeastern.edu/helmuthlab/Research/gigapan/argentina.html#_ga=2.176170668.804414391.1602182240-113605171.1602182239),arg,-42.78511,-64.95264,"http://maps.google.com/maps?q=-42.78511,-64.95264&ll=-42.78511,-64.95264&z=6"
arg-puertomadryn2,[IBIOMAR/CONICET](https://www.larbim.com.ar/),Punta Cuevas,arg,-42.77986,-65.00171,"http://maps.google.com/maps?q=-42.77986,-65.00171&ll=-42.77986,-65.00171&z=6"
arg-puertomadryn3,[IBIOMAR/CONICET](https://www.larbim.com.ar/),[Punta Loma](http://www.northeastern.edu/helmuthlab/Research/gigapan/argentina.html#_ga=2.176170668.804414391.1602182240-113605171.1602182239),arg,-42.8112,-64.9017,"http://maps.google.com/maps?q=-42.8112,-64.9017&ll=-42.8112,-64.9017&z=7"
arg-mardelplata-playachica,Museo Argentino de Ciencias Naturales,Mar del Plata - Playa Chica ,arg,-38.0203,-57.5653,"http://maps.google.com/maps?q=-38.0203,-57.5653&ll=-38.0203,-57.5653&z=6"
arg-mardelplata-saneduardobeach,Museo Argentino de Ciencias Naturales,Mar del Plata - San Eduardo Beach ,arg,-38.2372,-57.7558,"http://maps.google.com/maps?q=-38.2372,-57.7558&ll=-38.2372,-57.7558&z=6"
vir-usvi,USVI,USVI,vir,18.39,-64.93,"http://maps.google.com/maps?q=18.39,-64.93&ll=18.39,-64.93&z=6"
bra-costadasalgas-gramute,U. Federal do Espirito Santo,Costa das Algas - Gramute,bra,-19.9663,-40.134,"http://maps.google.com/maps?q=-19.9663,-40.134&ll=-19.9663,-40.134&z=6"
bra-costadasalgas-enseadadasgarcas,U. Federal do Espirito Santo,Costa das Algas - Enseada das Garcas ,bra,-20.0369,-40.164,"http://maps.google.com/maps?q=-20.0369,-40.164&ll=-20.0369,-40.164&z=6"
bra-costadasalgas-manguinhos,U. Federal do Espirito Santo,Costa das Algas - Manguinhos ,bra,-20.138,-40.124,"http://maps.google.com/maps?q=-20.138,-40.124&ll=-20.138,-40.124&z=6"
bra-jurubatibanationalpark,NUPEM,Jurubatiba National Park ,bra,-22.29,-41.67,"http://maps.google.com/maps?q=-22.29,-41.67&ll=-22.29,-41.67&z=6"
bra-arraialdocabo-prainha,U. Federal Fluminense,Arraial do Cabo - Prainha ,bra,-22.9602,-42.0193,"http://maps.google.com/maps?q=-22.9602,-42.0193&ll=-22.9602,-42.0193&z=6"
bra-arraialdocabo-atalaia,U. Federal Fluminense,Arraial do Cabo - Atalaia ,bra,-22.9863,-42.01,"http://maps.google.com/maps?q=-22.9863,-42.01&ll=-22.9863,-42.01&z=6"
bra-arraialdocabo-fortaleza,U. Federal Fluminense,Arraial do Cabo - Fortaleza ,bra,-22.9687,-42.015,"http://maps.google.com/maps?q=-22.9687,-42.015&ll=-22.9687,-42.015&z=6"
bra-saintpeterandsaintpaularchipelago-enseada,U. Federal Fluminese,Saint Peter and Saint Paul Archipelago - Enseada ,bra,-0.9169,-29.3458,"http://maps.google.com/maps?q=-0.9169,-29.3458&ll=-0.9169,-29.3458&z=6"
bra-fernandodenoronha-boldro,U. Federal Fluminese,Fernando de Noronha - Boldro ,bra,-3.8505,-32.4238,"http://maps.google.com/maps?q=-3.8505,-32.4238&ll=-3.8505,-32.4238&z=6"
bra-saosebastiao-baleeirohead,CEBIMAR / USP,Sao Sebastiao - Baleeiro Head ,bra,-23.8292,-45.4237,"http://maps.google.com/maps?q=-23.8292,-45.4237&ll=-23.8292,-45.4237&z=6"
bra-saosebastiao-feiticeira,CEBIMAR / USP,Sao Sebastiao - Feiticeira ,bra,-23.8436,-45.4076,"http://maps.google.com/maps?q=-23.8436,-45.4076&ll=-23.8436,-45.4076&z=6"
bra-saosebastiao-itassuceisland,CEBIMAR / USP,Sao Sebastiao - Itassuce Island ,bra,-23.8319,-45.4436,"http://maps.google.com/maps?q=-23.8319,-45.4436&ll=-23.8319,-45.4436&z=6"
bra-encantadasnorth,U. Federal do Parana,Encantadas North ,bra,-25.573,-48.3098,"http://maps.google.com/maps?q=-25.573,-48.3098&ll=-25.573,-48.3098&z=6"
bra-encantadassouth,U. Federal do Parana,Encantadas South ,bra,-25.5735,-48.3107,"http://maps.google.com/maps?q=-25.5735,-48.3107&ll=-25.5735,-48.3107&z=6"
ury-barradelchuy,U. de la Republica,Barra del Chuy ,ury,-33.8109,-53.4461,"http://maps.google.com/maps?q=-33.8109,-53.4461&ll=-33.8109,-53.4461&z=6"
mex-yucatan-marinadeyucalpeten,[UNAM](https://www.bdmy.org.mx/),Yucatan - Marina de Yucalpeten ,mex,21.2803,-89.7006,"http://maps.google.com/maps?q=21.2803,-89.7006&ll=21.2803,-89.7006&z=6"
wi-blanchiseusse-bay,U. West Indies,Blanchiseusse Bay,wi,10.79936,-61.31513,"http://maps.google.com/maps?q=10.79936,-61.31513&ll=10.79936,-61.31513&z=6"
wi-las-cuevas,U. West Indies,Las Cuevas,wi,10.78416,-61.39261,"http://maps.google.com/maps?q=10.78416,-61.39261&ll=10.78416,-61.39261&z=6"
wi-maracas,U. West Indies,Maracas,wi,10.75813,-61.43537,"http://maps.google.com/maps?q=10.75813,-61.43537&ll=10.75813,-61.43537&z=6"
wi-salybia,U. West Indies,Salybia,wi,10.83559,-60.92015,"http://maps.google.com/maps?q=10.83559,-60.92015&ll=10.83559,-60.92015&z=6"
wi-toco,U. West Indies,Toco,wi,10.83379,-60.94739,"http://maps.google.com/maps?q=10.83379,-60.94739&ll=10.83379,-60.94739z=6"
per-chimbote,[IMARPE](http://www.imarpe.gob.pe/imarpe/),Bahia de Chimbote,per,-9.128611,-78.596388,"http://maps.google.com/maps?q=-9.128611,-78.596388&ll=-9.128611,-78.596388z=6"
ve-laboca-ocumare,U. Simon Bolivar,La Boca - Ocumare,ve,10.498,-67.768,"http://maps.google.com/maps?q=10.498,-67.768&ll=10.498,-67.768z=6"
usa-hamiltoncove-lubecme,[NEU - Helmuth Lab](https://helmuthlab.cos.northeastern.edu/),Hamilton Cove - Lubec ME ,usa,44.788076,-67.010388,"http://maps.google.com/maps?q=44.788076,-67.010388&ll=44.788076,-67.010388&z=6"
usa-moosecove-lubecme,[NEU - Helmuth Lab](https://helmuthlab.cos.northeastern.edu/),Moose Cove - Lubec ME ,usa,44.731602,-67.098585,"http://maps.google.com/maps?q=44.731602,-67.098585&ll=44.731602,-67.098585&z=6"
usa-grindstone-winterharborme,[NEU - Helmuth Lab](https://helmuthlab.cos.northeastern.edu/),[Grindstone](http://www.northeastern.edu/helmuthlab/Research/gigapan/USME/USME.html#_ga=2.114804366.804414391.1602182240-113605171.1602182239),usa,44.371365,-68.091242,"http://maps.google.com/maps?q=44.371365,-68.091242&ll=44.371365,-68.091242&z=6"
usa-chamberlain-chamberlainme,[NEU - Helmuth Lab](https://helmuthlab.cos.northeastern.edu/),[Chamberlain](http://www.northeastern.edu/helmuthlab/Research/gigapan/USME/USME.html#_ga=2.114804366.804414391.1602182240-113605171.1602182239),usa,43.884304,-69.47609,"http://maps.google.com/maps?q=43.884304,-69.47609&ll=43.884304,-69.47609&z=6"
usa-giantstairs-harpswellme,[NEU - Helmuth Lab](https://helmuthlab.cos.northeastern.edu/),Giant Stairs - Harpswell ME ,usa,43.725666,-69.992283,"http://maps.google.com/maps?q=43.725666,-69.992283&ll=43.725666,-69.992283&z=6"
usa-biddeford-biddefordme,[NEU - Helmuth Lab](https://helmuthlab.cos.northeastern.edu/),Biddeford - Biddeford ME ,usa,43.439808,-70.343454,"http://maps.google.com/maps?q=43.439808,-70.343454&ll=43.439808,-70.343454&z=6"
usa-marblehead-marbleheadma,[NEU - Helmuth Lab](https://helmuthlab.cos.northeastern.edu/),Marblehead - Marblehead MA ,usa,42.507375,-70.843271,"http://maps.google.com/maps?q=42.507375,-70.843271&ll=42.507375,-70.843271&z=6"
usa-pumphouse-nahantma,[NEU - Helmuth Lab](https://helmuthlab.cos.northeastern.edu/),Pumphouse - Nahant MA ,usa,42.416788,-70.906496,"http://maps.google.com/maps?q=42.416788,-70.906496&ll=42.416788,-70.906496&z=6"
usa-chukchi-sea,U. Alaska Fairbanks,Chukchi Sea,usa,70,-171,"http://maps.google.com/maps?q=70,-171&ll=70,-171z=6"
usa-alc,[MARINe](https://marine.ucsc.edu/sitepages/alcatrazisland.html),Alcatraz,usa,37.82500076,-122.42194,"http://maps.google.com/maps?q=37.82500076,-122.42194&ll=37.82500076,-122.42194z=6"
usa-aleg,[MARINe](https://marine.ucsc.edu/sitepages/alegria.html),Alegria,usa,34.4671402,-120.27738,"http://maps.google.com/maps?q=34.4671402,-120.27738&ll=34.4671402,-120.27738z=6"
usa-amn,[MARINe](https://marine.ucsc.edu/sitepages/americancamp.html),American Camp,usa,48.45730972,-123.02222,"http://maps.google.com/maps?q=48.45730972,-123.02222&ll=48.45730972,-123.02222z=6"
usa-ancr,[MARINe](https://marine.ucsc.edu/sitepages/catrock.html),Cat Rock,usa,34.00556946,-119.41925,"http://maps.google.com/maps?q=34.00556946,-119.41925&ll=34.00556946,-119.41925z=6"
usa-anmw,[MARINe](https://marine.ucsc.edu/sitepages/middlewest.html),Middle West,usa,34.00590134,-119.39649,"http://maps.google.com/maps?q=34.00590134,-119.39649&ll=34.00590134,-119.39649z=6"
usa-ansfc,[MARINe](https://marine.ucsc.edu/sitepages/sfrenchyscove.html),S Frenchys Cove,usa,34.00659943,-119.41077,"http://maps.google.com/maps?q=34.00659943,-119.41077&ll=34.00659943,-119.41077z=6"
usa-arg,[MARINe](https://marine.ucsc.edu/sitepages/capearago.html),Cape Arago,usa,43.30894089,-124.40077,"http://maps.google.com/maps?q=43.30894089,-124.40077&ll=43.30894089,-124.40077z=6"
usa-arho,[MARINe](https://marine.ucsc.edu/sitepages/arroyohondo.html),Arroyo Hondo,usa,34.47343826,-120.1454,"http://maps.google.com/maps?q=34.47343826,-120.1454&ll=34.47343826,-120.1454z=6"
usa-asi,[MARINe](https://marine.ucsc.edu/sitepages/asilomar.html),Asilomar,usa,36.6222496,-121.94161,"http://maps.google.com/maps?q=36.6222496,-121.94161&ll=36.6222496,-121.94161z=6"
usa-bloh,[MARINe](https://marine.ucsc.edu/sitepages/blowhole.html),Blowhole,usa,37.7011795,-123.00383,"http://maps.google.com/maps?q=37.7011795,-123.00383&ll=37.7011795,-123.00383z=6"
usa-bml,[MARINe](https://marine.ucsc.edu/sitepages/bodega.html),Bodega,usa,38.31819916,-123.07365,"http://maps.google.com/maps?q=38.31819916,-123.07365&ll=38.31819916,-123.07365z=6"
usa-boa,[MARINe](https://marine.ucsc.edu/sitepages/boathouse.html),Boat House,usa,34.55387878,-120.61167,"http://maps.google.com/maps?q=34.55387878,-120.61167&ll=34.55387878,-120.61167z=6"
usa-bob,[MARINe](https://marine.ucsc.edu/sitepages/bobcreek.html),Bob Creek,usa,44.24456024,-124.11443,"http://maps.google.com/maps?q=44.24456024,-124.11443&ll=44.24456024,-124.11443z=6"
usa-bol,[MARINe](https://marine.ucsc.edu/sitepages/bolinaspoint.html),Bolinas Point,usa,37.90354156,-122.72721,"http://maps.google.com/maps?q=37.90354156,-122.72721&ll=37.90354156,-122.72721z=6"
usa-brn,[MARINe](https://marine.ucsc.edu/sitepages/burnthill.html),Burnt Hill,usa,42.22814178,-124.38786,"http://maps.google.com/maps?q=42.22814178,-124.38786&ll=42.22814178,-124.38786z=6"
usa-cab1,[MARINe](https://marine.ucsc.edu/sitepages/cabrillo1.html),Cabrillo I,usa,32.66947174,-117.2455,"http://maps.google.com/maps?q=32.66947174,-117.2455&ll=32.66947174,-117.2455z=6"
usa-cab2,[MARINe](https://marine.ucsc.edu/sitepages/cabrillo2.html),Cabrillo II,usa,32.66765976,-117.24526,"http://maps.google.com/maps?q=32.66765976,-117.24526&ll=32.66765976,-117.24526z=6"
usa-cab3,[MARINe](https://marine.ucsc.edu/sitepages/cabrillo3.html),Cabrillo III,usa,32.6658287,-117.24417,"http://maps.google.com/maps?q=32.6658287,-117.24417&ll=32.6658287,-117.24417z=6"
usa-car,[MARINe](https://marine.ucsc.edu/sitepages/carmelpoint.html),Carmel Point,usa,36.54375839,-121.93412,"http://maps.google.com/maps?q=36.54375839,-121.93412&ll=36.54375839,-121.93412z=6"
usa-care,[MARINe](https://marine.ucsc.edu/sitepages/cardiffreef.html),Cardiff Reef,usa,32.99983978,-117.27867,"http://maps.google.com/maps?q=32.99983978,-117.27867&ll=32.99983978,-117.27867z=6"
usa-carp,[MARINe](https://marine.ucsc.edu/sitepages/carpinteria.html),Carpinteria,usa,34.38703156,-119.51407,"http://maps.google.com/maps?q=34.38703156,-119.51407&ll=34.38703156,-119.51407z=6"
usa-cay,[MARINe](https://marine.ucsc.edu/sitepages/cayucos.html),Cayucos,usa,35.44739151,-120.94982,"http://maps.google.com/maps?q=35.44739151,-120.94982&ll=35.44739151,-120.94982z=6"
usa-chi,[MARINe](https://marine.ucsc.edu/sitepages/chinarocks.html),China Rocks,usa,36.60615921,-121.95939,"http://maps.google.com/maps?q=36.60615921,-121.95939&ll=36.60615921,-121.95939z=6"
usa-clbs,[MARINe](https://marine.ucsc.edu/sitepages/boyscoutcamp.html),Boy Scout Camp,usa,33.00112152,-118.54832,"http://maps.google.com/maps?q=33.00112152,-118.54832&ll=33.00112152,-118.54832z=6"
usa-clep,[MARINe](https://marine.ucsc.edu/sitepages/eelpoint.html),Eel Point,usa,32.91801071,-118.54668,"http://maps.google.com/maps?q=32.91801071,-118.54668&ll=32.91801071,-118.54668z=6"
usa-clhbc,[MARINe](https://marine.ucsc.edu/sitepages/horsebeachcove.html),Horse Beach Cove,usa,32.8030014,-118.42431,"http://maps.google.com/maps?q=32.8030014,-118.42431&ll=32.8030014,-118.42431z=6"
usa-clwc,[MARINe](https://marine.ucsc.edu/sitepages/westcove.html),West Cove,usa,33.01477051,-118.60613,"http://maps.google.com/maps?q=33.01477051,-118.60613&ll=33.01477051,-118.60613z=6"
usa-copt,[MARINe](https://marine.ucsc.edu/sitepages/coaloilpoint.html),Coal Oil Point,usa,34.40692902,-119.87804,"http://maps.google.com/maps?q=34.40692902,-119.87804&ll=34.40692902,-119.87804z=6"
usa-crco,[MARINe](https://marine.ucsc.edu/sitepages/crystalcove.html),Crystal Cove,usa,33.57078171,-117.83773,"http://maps.google.com/maps?q=33.57078171,-117.83773&ll=33.57078171,-117.83773z=6"
usa-ctbr,[MARINe](https://marine.ucsc.edu/sitepages/birdrock.html),Bird Rock,usa,33.45145035,-118.48763,"http://maps.google.com/maps?q=33.45145035,-118.48763&ll=33.45145035,-118.48763z=6"
usa-ctlh,[MARINe](https://marine.ucsc.edu/sitepages/littleharbor.html),Little Harbor,usa,33.38499069,-118.4752,"http://maps.google.com/maps?q=33.38499069,-118.4752&ll=33.38499069,-118.4752z=6"
usa-dapt,[MARINe](https://marine.ucsc.edu/sitepages/danapoint.html),Dana Point,usa,33.4598999,-117.71475,"http://maps.google.com/maps?q=33.4598999,-117.71475&ll=33.4598999,-117.71475z=6"
usa-dmn,[MARINe](https://marine.ucsc.edu/sitepages/damnation.html),Damnation Creek,usa,41.65248871,-124.12784,"http://maps.google.com/maps?q=41.65248871,-124.12784&ll=41.65248871,-124.12784z=6"
usa-dslf,[MARINe](https://marine.ucsc.edu/sitepages/deadsealion.html),Dead Sea Lion Flat,usa,37.69809341,-122.99984,"http://maps.google.com/maps?q=37.69809341,-122.99984&ll=37.69809341,-122.99984z=6"
usa-end,[MARINe](https://marine.ucsc.edu/sitepages/enderts.html),Enderts,usa,41.68999863,-124.14257,"http://maps.google.com/maps?q=41.68999863,-124.14257&ll=41.68999863,-124.14257z=6"
usa-eng,[MARINe](https://marine.ucsc.edu/sitepages/englishcamp.html),English Camp,usa,48.59344101,-123.1555,"http://maps.google.com/maps?q=48.59344101,-123.1555&ll=48.59344101,-123.1555z=6"
usa-esp,[MARINe](https://marine.ucsc.edu/sitepages/ecola.html),Ecola,usa,45.91809082,-123.98031,"http://maps.google.com/maps?q=45.91809082,-123.98031&ll=45.91809082,-123.98031z=6"
usa-fkc,[MARINe](https://marine.ucsc.edu/sitepages/falseklamath.html),False Klamath Cove,usa,41.59476089,-124.10643,"http://maps.google.com/maps?q=41.59476089,-124.10643&ll=41.59476089,-124.10643z=6"
usa-fog,[MARINe](https://marine.ucsc.edu/sitepages/fogartycreek.html),Fogarty Creek,usa,44.83863831,-124.05875,"http://maps.google.com/maps?q=44.83863831,-124.05875&ll=44.83863831,-124.05875z=6"
usa-fra,[MARINe](https://marine.ucsc.edu/sitepages/franklinpoint.html),Franklin Point,usa,37.1495018,-122.36101,"http://maps.google.com/maps?q=37.1495018,-122.36101&ll=37.1495018,-122.36101z=6"
usa-fre,[MARINe](https://marine.ucsc.edu/sitepages/freshwater.html),Freshwater Bay,usa,48.15049362,-123.63699,"http://maps.google.com/maps?q=48.15049362,-123.63699&ll=48.15049362,-123.63699z=6"
usa-gar,[MARINe](https://marine.ucsc.edu/sitepages/garrapata.html),Garrapata,usa,36.46903992,-121.93444,"http://maps.google.com/maps?q=36.46903992,-121.93444&ll=36.46903992,-121.93444z=6"
usa-gpt,[MARINe](https://marine.ucsc.edu/sitepages/government.html),Government Point,usa,34.4433403,-120.45655,"http://maps.google.com/maps?q=34.4433403,-120.45655&ll=34.4433403,-120.45655z=6"
usa-gren,[MARINe](https://marine.ucsc.edu/sitepages/pointgrenville.html),Point Grenville,usa,47.30255127,-124.27531,"http://maps.google.com/maps?q=47.30255127,-124.27531&ll=47.30255127,-124.27531z=6"
usa-hate,[MARINe](https://marine.ucsc.edu/sitepages/hatislandeast.html),Hat Island East,usa,48.52220917,-122.54353,"http://maps.google.com/maps?q=48.52220917,-122.54353&ll=48.52220917,-122.54353z=6"
usa-hatw,[MARINe](https://marine.ucsc.edu/sitepages/hatislandwest.html),Hat Island West,usa,48.52352905,-122.55222,"http://maps.google.com/maps?q=48.52352905,-122.55222&ll=48.52352905,-122.55222z=6"
usa-haz,[MARINe](https://marine.ucsc.edu/sitepages/hazards.html),Hazards,usa,35.28966141,-120.88325,"http://maps.google.com/maps?q=35.28966141,-120.88325&ll=35.28966141,-120.88325z=6"
usa-hoo,[MARINe](https://marine.ucsc.edu/sitepages/mcdonaldcove.html),McDonald Cove,usa,47.62841797,-122.95034,"http://maps.google.com/maps?q=47.62841797,-122.95034&ll=47.62841797,-122.95034z=6"
usa-hop,[MARINe](https://marine.ucsc.edu/sitepages/hopkins.html),Hopkins,usa,36.62120056,-121.9073,"http://maps.google.com/maps?q=36.62120056,-121.9073&ll=36.62120056,-121.9073z=6"
usa-kay,[MARINe](https://marine.ucsc.edu/sitepages/kayakisland.html),Kayak Island,usa,57.02249908,-135.35387,"http://maps.google.com/maps?q=57.02249908,-135.35387&ll=57.02249908,-135.35387z=6"
usa-kib,[MARINe](https://marine.ucsc.edu/sitepages/kibesillah.html),Kibesillah Hill,usa,39.60411835,-123.78887,"http://maps.google.com/maps?q=39.60411835,-123.78887&ll=39.60411835,-123.78887z=6"
usa-kydi,[MARINe](https://marine.ucsc.edu/sitepages/kydikabbitpoint.html),Kydikabbit Point,usa,48.39147186,-124.65372,"http://maps.google.com/maps?q=48.39147186,-124.65372&ll=48.39147186,-124.65372z=6"
usa-man,[MARINe](https://marine.ucsc.edu/sitepages/manchester.html),Manchester State Park,usa,47.57688141,-122.54411,"http://maps.google.com/maps?q=47.57688141,-122.54411&ll=47.57688141,-122.54411z=6"
usa-mcr,[MARINe](https://marine.ucsc.edu/sitepages/millcreek.html),Mill Creek,usa,35.97964859,-121.49034,"http://maps.google.com/maps?q=35.97964859,-121.49034&ll=35.97964859,-121.49034z=6"
usa-men,[MARINe](https://marine.ucsc.edu/sitepages/capemendocino.html),Cape Mendocino,usa,40.3409996,-124.36317,"http://maps.google.com/maps?q=40.3409996,-124.36317&ll=40.3409996,-124.36317z=6"
usa-mfl,[MARINe](https://marine.ucsc.edu/sitepages/musselflat.html),Mussel Flat Farallones,usa,37.69589996,-123.0029,"http://maps.google.com/maps?q=37.69589996,-123.0029&ll=37.69589996,-123.0029z=6"
usa-mol,[MARINe](https://marine.ucsc.edu/sitepages/andrewmolera.html),Andrew Molera,usa,36.28060913,-121.86317,"http://maps.google.com/maps?q=36.28060913,-121.86317&ll=36.28060913,-121.86317z=6"
usa-mush,[MARINe](https://marine.ucsc.edu/sitepages/musselshoals.html),Mussel Shoals,usa,34.35548019,-119.44073,"http://maps.google.com/maps?q=34.35548019,-119.44073&ll=34.35548019,-119.44073z=6"
usa-nano,[MARINe](https://marine.ucsc.edu/sitepages/navynorth.html),Navy North,usa,32.69260025,-117.25327,"http://maps.google.com/maps?q=32.69260025,-117.25327&ll=32.69260025,-117.25327z=6"
usa-naso,[MARINe](https://marine.ucsc.edu/sitepages/navysouth.html),Navy South,usa,32.6828804,-117.24956,"http://maps.google.com/maps?q=32.6828804,-117.24956&ll=32.6828804,-117.24956z=6"
usa-occ,[MARINe](https://marine.ucsc.edu/sitepages/occulto.html),Occulto,usa,34.88122177,-120.63954,"http://maps.google.com/maps?q=34.88122177,-120.63954&ll=34.88122177,-120.63954z=6"
usa-olds,[MARINe](https://marine.ucsc.edu/sitepages/oldstairs.html),Old Stairs,usa,34.06612015,-118.99779,"http://maps.google.com/maps?q=34.06612015,-118.99779&ll=34.06612015,-118.99779z=6"
usa-par,[MARINe](https://marine.ucsc.edu/sitepages/partington.html),Partington Cove,usa,36.17375946,-121.69653,"http://maps.google.com/maps?q=36.17375946,-121.69653&ll=36.17375946,-121.69653z=6"
usa-pbl,[MARINe](https://marine.ucsc.edu/sitepages/piedrasblancas.html),Piedras Blancas,usa,35.66492844,-121.28699,"http://maps.google.com/maps?q=35.66492844,-121.28699&ll=35.66492844,-121.28699z=6"
usa-pcov,[MARINe](https://marine.ucsc.edu/sitepages/paradisecove.html),Paradise Cove,usa,34.01200867,-118.79225,"http://maps.google.com/maps?q=34.01200867,-118.79225&ll=34.01200867,-118.79225z=6"
usa-peb,[MARINe](https://marine.ucsc.edu/sitepages/pebblebeach.html),Pebble Beach,usa,37.23263168,-122.41607,"http://maps.google.com/maps?q=37.23263168,-122.41607&ll=37.23263168,-122.41607z=6"
usa-pes,[MARINe](https://marine.ucsc.edu/sitepages/pescadero.html),Pescadero Point,usa,36.56108856,-121.95436,"http://maps.google.com/maps?q=36.56108856,-121.95436&ll=36.56108856,-121.95436z=6"
usa-pin,[MARINe](https://marine.ucsc.edu/sitepages/pointpinos.html),Point Pinos,usa,36.63795853,-121.93758,"http://maps.google.com/maps?q=36.63795853,-121.93758&ll=36.63795853,-121.93758z=6"
usa-pira,[MARINe](https://marine.ucsc.edu/sitepages/piratescove.html),Pirates Cove,usa,56.98661041,-135.37755,"http://maps.google.com/maps?q=56.98661041,-135.37755&ll=56.98661041,-135.37755z=6"
usa-poa,[MARINe](https://marine.ucsc.edu/sitepages/pointofarches.html),Point of the Arches,usa,48.24200058,-124.70779,"http://maps.google.com/maps?q=48.24200058,-124.70779&ll=48.24200058,-124.70779z=6"
usa-pop,[MARINe](https://marine.ucsc.edu/sitepages/postpoint.html),Post Point,usa,48.7120018,-122.51913,"http://maps.google.com/maps?q=48.7120018,-122.51913&ll=48.7120018,-122.51913z=6"
usa-ppt,[MARINe](https://marine.ucsc.edu/sitepages/pigeonpoint.html),Pigeon Point,usa,37.18360901,-122.39529,"http://maps.google.com/maps?q=37.18360901,-122.39529&ll=37.18360901,-122.39529z=6"
usa-psn,[MARINe](https://marine.ucsc.edu/sitepages/pointsierra.html),Point Sierra Nevada,usa,35.72882843,-121.31866,"http://maps.google.com/maps?q=35.72882843,-121.31866&ll=35.72882843,-121.31866z=6"
usa-ptb,[MARINe](https://marine.ucsc.edu/sitepages/pointbonita.html),Point Bonita,usa,37.81911087,-122.52935,"http://maps.google.com/maps?q=37.81911087,-122.52935&ll=37.81911087,-122.52935z=6"
usa-ptfm,[MARINe](https://marine.ucsc.edu/sitepages/pointfermin.html),Point Fermin,usa,33.70679092,-118.28599,"http://maps.google.com/maps?q=33.70679092,-118.28599&ll=33.70679092,-118.28599z=6"
usa-ptl,[MARINe](https://marine.ucsc.edu/sitepages/pointlobos.html),Point Lobos,usa,36.51366043,-121.94688,"http://maps.google.com/maps?q=36.51366043,-121.94688&ll=36.51366043,-121.94688z=6"
usa-pur,[MARINe](https://marine.ucsc.edu/sitepages/purisima.html),Purisima,usa,34.75559998,-120.64076,"http://maps.google.com/maps?q=34.75559998,-120.64076&ll=34.75559998,-120.64076z=6"
usa-pva,[MARINe](https://marine.ucsc.edu/sitepages/pacificvalley.html),Pacific Valley,usa,35.94704819,-121.48053,"http://maps.google.com/maps?q=35.94704819,-121.48053&ll=35.94704819,-121.48053z=6"
usa-rmr,[MARINe](https://marine.ucsc.edu/sitepages/cambria.html),Rancho Marino,usa,35.52244186,-121.073,"http://maps.google.com/maps?q=35.52244186,-121.073&ll=35.52244186,-121.073z=6"
usa-sad,[MARINe](https://marine.ucsc.edu/sitepages/sandhillbluff.html),Sandhill Bluff,usa,36.9801712,-122.15503,"http://maps.google.com/maps?q=36.9801712,-122.15503&ll=36.9801712,-122.15503z=6"
usa-sage,[MARINe](https://marine.ucsc.edu/sitepages/sagerock.html),Sage Rock,usa,57.04869843,-135.32314,"http://maps.google.com/maps?q=57.04869843,-135.32314&ll=57.04869843,-135.32314z=6"
usa-sblc,[MARINe](https://marine.ucsc.edu/sitepages/landingcove.html),Landing Cove,usa,33.48157883,-119.02958,"http://maps.google.com/maps?q=33.48157883,-119.02958&ll=33.48157883,-119.02958z=6"
usa-sbnc,[MARINe](https://marine.ucsc.edu/sitepages/saddlebagnorth.html),Saddlebag North Cove,usa,48.53710175,-122.5547,"http://maps.google.com/maps?q=48.53710175,-122.5547&ll=48.53710175,-122.5547z=6"
usa-sbse,[MARINe](https://marine.ucsc.edu/sitepages/saddlebagsouth.html),Saddlebag South East,usa,48.53430176,-122.5549,"http://maps.google.com/maps?q=48.53430176,-122.5549&ll=48.53430176,-122.5549z=6"
usa-sbslr,[MARINe](https://marine.ucsc.edu/sitepages/sealionrookery.html),Sea Lion Rookery,usa,33.47201157,-119.03066,"http://maps.google.com/maps?q=33.47201157,-119.03066&ll=33.47201157,-119.03066z=6"
usa-scfc,[MARINe](https://marine.ucsc.edu/sitepages/frasercove.html),Fraser Cove,usa,34.06264877,-119.91915,"http://maps.google.com/maps?q=34.06264877,-119.91915&ll=34.06264877,-119.91915z=6"
usa-scoc,[MARINe](https://marine.ucsc.edu/sitepages/orizabacove.html),Orizaba Cove,usa,34.04507828,-119.72188,"http://maps.google.com/maps?q=34.04507828,-119.72188&ll=34.04507828,-119.72188z=6"
usa-scph,[MARINe](https://marine.ucsc.edu/sitepages/prisonersharbor.html),Prisoners Harbor,usa,34.02037811,-119.6867,"http://maps.google.com/maps?q=34.02037811,-119.6867&ll=34.02037811,-119.6867z=6"
usa-scre,[MARINe](https://marine.ucsc.edu/sitepages/scripps.html),Scripps Reef,usa,32.8716507,-117.25328,"http://maps.google.com/maps?q=32.8716507,-117.25328&ll=32.8716507,-117.25328z=6"
usa-scsr,[MARINe](https://marine.ucsc.edu/sitepages/scorpionrock.html),Scorpion Rock,usa,34.04552078,-119.54685,"http://maps.google.com/maps?q=34.04552078,-119.54685&ll=34.04552078,-119.54685z=6"
usa-sct,[MARINe](https://marine.ucsc.edu/sitepages/scottcreek.html),Scott Creek,usa,37.04425049,-122.23493,"http://maps.google.com/maps?q=37.04425049,-122.23493&ll=37.04425049,-122.23493z=6"
usa-sctr,[MARINe](https://marine.ucsc.edu/sitepages/trailer.html),Trailer,usa,34.05186844,-119.9032,"http://maps.google.com/maps?q=34.05186844,-119.9032&ll=34.05186844,-119.9032z=6"
usa-scwa,[MARINe](https://marine.ucsc.edu/sitepages/willows.html),Willows Anchorage,usa,33.96183014,-119.75495,"http://maps.google.com/maps?q=33.96183014,-119.75495&ll=33.96183014,-119.75495z=6"
usa-sea,[MARINe](https://marine.ucsc.edu/sitepages/searanch.html),Sea Ranch,usa,38.73049927,-123.48864,"http://maps.google.com/maps?q=38.73049927,-123.48864&ll=38.73049927,-123.48864z=6"
usa-sfp,[MARINe](https://marine.ucsc.edu/sitepages/starfishpoint.html),Starfish Point,usa,47.65269852,-124.3905,"http://maps.google.com/maps?q=47.65269852,-124.3905&ll=47.65269852,-124.3905z=6"
usa-shb,[MARINe](https://marine.ucsc.edu/sitepages/shellbeach.html),Shell Beach,usa,35.1688118,-120.69668,"http://maps.google.com/maps?q=35.1688118,-120.69668&ll=35.1688118,-120.69668z=6"
usa-shco,[MARINe](https://marine.ucsc.edu/sitepages/shawscove.html),Shaws Cove,usa,33.54476929,-117.79941,"http://maps.google.com/maps?q=33.54476929,-117.79941&ll=33.54476929,-117.79941z=6"
usa-sht,[MARINe](https://marine.ucsc.edu/sitepages/sheltercove.html),Shelter Cove,usa,40.02254105,-124.07366,"http://maps.google.com/maps?q=40.02254105,-124.07366&ll=40.02254105,-124.07366z=6"
usa-sim,[MARINe](https://marine.ucsc.edu/sitepages/vistadelmar.html),Vista del Mar,usa,35.60414124,-121.14232,"http://maps.google.com/maps?q=35.60414124,-121.14232&ll=35.60414124,-121.14232z=6"
usa-slr,[MARINe](https://marine.ucsc.edu/sitepages/slideranch.html),Slide Ranch,usa,37.87406158,-122.60094,"http://maps.google.com/maps?q=37.87406158,-122.60094&ll=37.87406158,-122.60094z=6"
usa-smc,[MARINe](https://marine.ucsc.edu/sitepages/santamariacreek.html),Santa Maria Creek,usa,38.01242828,-122.84915,"http://maps.google.com/maps?q=38.01242828,-122.84915&ll=38.01242828,-122.84915z=6"
usa-smch,[MARINe](https://marine.ucsc.edu/sitepages/cuylerharbor.html),Cuyler Harbor,usa,34.04854965,-120.33642,"http://maps.google.com/maps?q=34.04854965,-120.33642&ll=34.04854965,-120.33642z=6"
usa-smcp,[MARINe](https://marine.ucsc.edu/sitepages/crookpoint.html),Crook Point,usa,34.02159119,-120.37887,"http://maps.google.com/maps?q=34.02159119,-120.37887&ll=34.02159119,-120.37887z=6"
usa-smhp,[MARINe](https://marine.ucsc.edu/sitepages/harrispoint.html),Harris Point,usa,34.07337189,-120.36322,"http://maps.google.com/maps?q=34.07337189,-120.36322&ll=34.07337189,-120.36322z=6"
usa-smoh,[MARINe](https://marine.ucsc.edu/sitepages/otterharbor.html),Otter Harbor,usa,34.05202866,-120.40758,"http://maps.google.com/maps?q=34.05202866,-120.40758&ll=34.05202866,-120.40758z=6"
usa-snap,[MARINe](https://marine.ucsc.edu/sitepages/anchorpoint.html),Anchor Point,usa,33.26713562,-119.48723,"http://maps.google.com/maps?q=33.26713562,-119.48723&ll=33.26713562,-119.48723z=6"
usa-snco,[MARINe](https://marine.ucsc.edu/sitepages/cosign.html),Cosign,usa,33.27446365,-119.57676,"http://maps.google.com/maps?q=33.27446365,-119.57676&ll=33.27446365,-119.57676z=6"
usa-snmp,[MARINe](https://marine.ucsc.edu/sitepages/markerpoles.html),Marker Poles,usa,33.21868134,-119.49562,"http://maps.google.com/maps?q=33.21868134,-119.49562&ll=33.21868134,-119.49562z=6"
usa-snts,[MARINe](https://marine.ucsc.edu/sitepages/thousandsprings.html),Thousand Springs,usa,33.28504944,-119.52983,"http://maps.google.com/maps?q=33.28504944,-119.52983&ll=33.28504944,-119.52983z=6"
usa-sob,[MARINe](https://marine.ucsc.edu/sitepages/soberanes.html),Soberanes,usa,36.44786835,-121.92874,"http://maps.google.com/maps?q=36.44786835,-121.92874&ll=36.44786835,-121.92874z=6"
usa-sok,[MARINe](https://marine.ucsc.edu/sitepages/chileansokol.html),Sokol Point,usa,47.94709015,-124.66229,"http://maps.google.com/maps?q=47.94709015,-124.66229&ll=47.94709015,-124.66229z=6"
usa-srep,[MARINe](https://marine.ucsc.edu/sitepages/eastpoint.html),East Point,usa,33.94269943,-119.96797,"http://maps.google.com/maps?q=33.94269943,-119.96797&ll=33.94269943,-119.96797z=6"
usa-srfp,[MARINe](https://marine.ucsc.edu/sitepages/fordpoint.html),Ford Point,usa,33.91453171,-120.05024,"http://maps.google.com/maps?q=33.91453171,-120.05024&ll=33.91453171,-120.05024z=6"
usa-srfr,[MARINe](https://marine.ucsc.edu/sitepages/fossilreef.html),Fossil Reef,usa,33.9931488,-120.23758,"http://maps.google.com/maps?q=33.9931488,-120.23758&ll=33.9931488,-120.23758z=6"
usa-srjl,[MARINe](https://marine.ucsc.edu/sitepages/johnsonslee.html),Johnsons Lee,usa,33.90871811,-120.08629,"http://maps.google.com/maps?q=33.90871811,-120.08629&ll=33.90871811,-120.08629z=6"
usa-srnwt,[MARINe](https://marine.ucsc.edu/sitepages/nwtalcott.html),NW Talcott,usa,34.00957108,-120.2176,"http://maps.google.com/maps?q=34.00957108,-120.2176&ll=34.00957108,-120.2176z=6"
usa-sta,[MARINe](https://marine.ucsc.edu/sitepages/stairs.html),Stairs,usa,34.73038101,-120.61546,"http://maps.google.com/maps?q=34.73038101,-120.61546&ll=34.73038101,-120.61546z=6"
usa-sto,[MARINe](https://marine.ucsc.edu/sitepages/stornetta.html),Stornetta,usa,38.93787003,-123.7288,"http://maps.google.com/maps?q=38.93787003,-123.7288&ll=38.93787003,-123.7288z=6"
usa-swam,[MARINe](https://marine.ucsc.edu/sitepages/swamis.html),Swamis Beach,usa,33.03509903,-117.29425,"http://maps.google.com/maps?q=33.03509903,-117.29425&ll=33.03509903,-117.29425z=6"
usa-swc,[MARINe](https://marine.ucsc.edu/sitepages/stillwater.html),Stillwater,usa,36.56087112,-121.94053,"http://maps.google.com/maps?q=36.56087112,-121.94053&ll=36.56087112,-121.94053z=6"
usa-tay,[MARINe](https://marine.ucsc.edu/sitepages/taylorpoint.html),Taylor Point,usa,47.8660202,-124.57004,"http://maps.google.com/maps?q=47.8660202,-124.57004&ll=47.8660202,-124.57004z=6"
usa-tpt,[MARINe](https://marine.ucsc.edu/sitepages/terracepoint.html),Terrace Point,usa,36.94841003,-122.06457,"http://maps.google.com/maps?q=36.94841003,-122.06457&ll=36.94841003,-122.06457z=6"
usa-tris,[MARINe](https://marine.ucsc.edu/sitepages/treasureisland.html),Treasure Island,usa,33.51335144,-117.75793,"http://maps.google.com/maps?q=33.51335144,-117.75793&ll=33.51335144,-117.75793z=6"
usa-whpt,[MARINe](https://marine.ucsc.edu/sitepages/whitepoint.html),White Point,usa,33.71538925,-118.31961,"http://maps.google.com/maps?q=33.71538925,-118.31961&ll=33.71538925,-118.31961z=6"